{
	"format_version": "1.8.0",
	"animations": {
		"Idle": {
			"loop": true,
			"animation_length": 4,
			"bones": {
				"Crystal": {
					"rotation": {
						"0.0": {
							"vector": [0, 0, 0]
						},
						"4.0": {
							"pre": {
								"vector": [0, -360, 0]
							},
							"post": {
								"vector": [0, -360, 0]
							},
							"lerp_mode": "catmullrom"
						}
					},
					"position": {
						"0.0": {
							"vector": [0, 6, 0]
						},
						"0.0417": [0, 6.13168, 0],
						"0.0833": [0, 6.29229, 0],
						"0.125": [0, 6.47177, 0],
						"0.4583": [0, 8.13552, 0],
						"0.625": [0, 8.93868, 0],
						"0.7083": [0, 9.29671, 0],
						"0.75": [0, 9.45916, 0],
						"0.7917": [0, 9.60765, 0],
						"0.8333": [0, 9.73931, 0],
						"0.875": [0, 9.85044, 0],
						"0.9167": [0, 9.93609, 0],
						"0.9583": [0, 9.98936, 0],
						"1.0": {
							"vector": [0, 10, 0]
						},
						"1.0417": [0, 9.95107, 0],
						"1.0833": [0, 9.84661, 0],
						"1.125": [0, 9.69965, 0],
						"1.1667": [0, 9.51942, 0],
						"1.2083": [0, 9.31269, 0],
						"1.25": [0, 9.085, 0],
						"1.2917": [0, 8.84068, 0],
						"1.5833": [0, 6.92441, 0],
						"1.6667": [0, 6.38632, 0],
						"1.7083": [0, 6.13144, 0],
						"1.75": [0, 5.89005, 0],
						"1.7917": [0, 5.66577, 0],
						"1.8333": [0, 5.463, 0],
						"1.875": [0, 5.28697, 0],
						"1.9167": [0, 5.14457, 0],
						"1.9583": [0, 5.04475, 0],
						"2.0": {
							"vector": [0, 5, 0]
						},
						"2.0417": [0, 5.02469, 0],
						"2.0833": [0, 5.11138, 0],
						"2.125": [0, 5.24713, 0],
						"2.1667": [0, 5.4222, 0],
						"2.2083": [0, 5.62884, 0],
						"2.25": [0, 5.86085, 0],
						"2.2917": [0, 6.11286, 0],
						"2.3333": [0, 6.3804, 0],
						"2.5833": [0, 8.11166, 0],
						"2.625": [0, 8.39221, 0],
						"2.6667": [0, 8.66249, 0],
						"2.7083": [0, 8.91934, 0],
						"2.75": [0, 9.15936, 0],
						"2.7917": [0, 9.37887, 0],
						"2.8333": [0, 9.57373, 0],
						"2.875": [0, 9.73922, 0],
						"2.9167": [0, 9.8699, 0],
						"2.9583": [0, 9.95943, 0],
						"3.0": {
							"vector": [0, 10, 0]
						},
						"3.0417": [0, 9.98839, 0],
						"3.0833": [0, 9.93279, 0],
						"3.125": [0, 9.83998, 0],
						"3.1667": [0, 9.71544, 0],
						"3.2083": [0, 9.56407, 0],
						"3.25": [0, 9.39007, 0],
						"3.2917": [0, 9.19716, 0],
						"3.3333": [0, 8.9887, 0],
						"3.5833": [0, 7.57501, 0],
						"3.6667": [0, 7.10773, 0],
						"3.7083": [0, 6.88786, 0],
						"3.75": [0, 6.68167, 0],
						"3.7917": [0, 6.49301, 0],
						"3.8333": [0, 6.32635, 0],
						"3.875": [0, 6.18677, 0],
						"3.9167": [0, 6.08051, 0],
						"3.9583": [0, 6.01513, 0],
						"4.0": {
							"vector": [0, 6, 0]
						}
					}
				}
			}
		},
		"slam": {
			"loop": "hold_on_last_frame",
			"animation_length": 2.5,
			"bones": {
				"Crystal": {
					"position": {
						"0.0": {
							"vector": [0, 6, 0]
						},
						"0.0417": [0, 6.09938, 0],
						"0.0833": [0, 6.24104, 0],
						"0.625": [0, 8.38958, 0],
						"1.1667": [0, 10.52658, 0],
						"1.5": [0, 11.73864, 0],
						"1.7083": [0, 12.40799, 0],
						"1.8333": [0, 12.74475, 0],
						"1.875": [0, 12.83818, 0],
						"1.9167": [0, 12.91714, 0],
						"1.9583": [0, 12.97535, 0],
						"2.0": {
							"vector": [0, 13, 0]
						},
						"2.0417": [0, 13.01372, 0],
						"2.0833": [0, 13.05051, 0],
						"2.1667": [0, 13.14927, 0],
						"2.2083": [0, 13.17254, 0],
						"2.25": [0, 13.13118, 0],
						"2.2917": [0, 12.95679, 0],
						"2.3333": [0, 12.51774, 0],
						"2.375": [0, 11.52361, 0],
						"2.4167": [0, 9.11469, 0],
						"2.4583": {
							"vector": [0, -6, 0]
						}
					}
				}
			}
		},
		"Reform": {
			"animation_length": 0.5,
			"bones": {
				"Crystal": {
					"position": {
						"0.0": {
							"vector": [0, 7, 0]
						},
						"0.5": {
							"vector": [0, 6, 0]
						}
					}
				}
			}
		}
	}
}